01	rhyperior	13
	hg_engine_ready/data/graphics/sprites/cpf_0226_rhyperior_alternate_form_1/female/back.png	01_rhyperior_01.png.b64
	hg_engine_ready/data/graphics/sprites/cpf_0226_rhyperior_alternate_form_1/female/front.png	01_rhyperior_02.png.b64
	hg_engine_ready/data/graphics/sprites/cpf_0226_rhyperior_alternate_form_1/male/back.png	01_rhyperior_03.png.b64
	hg_engine_ready/data/graphics/sprites/cpf_0226_rhyperior_alternate_form_1/male/front.png	01_rhyperior_04.png.b64
	hg_engine_ready/data/graphics/sprites/mega_rhyperior/female/back.png	01_rhyperior_05.png.b64
	hg_engine_ready/data/graphics/sprites/mega_rhyperior/female/front.png	01_rhyperior_06.png.b64
	hg_engine_ready/data/graphics/sprites/mega_rhyperior/male/back.png	01_rhyperior_07.png.b64
	hg_engine_ready/data/graphics/sprites/mega_rhyperior/male/front.png	01_rhyperior_08.png.b64
	hg_engine_ready/data/graphics/sprites/rhyperior/female/back.png	01_rhyperior_09.png.b64
	hg_engine_ready/data/graphics/sprites/rhyperior/female/front.png	01_rhyperior_10.png.b64
	hg_engine_ready/data/graphics/sprites/rhyperior/icon.png	01_rhyperior_11.png.b64
	hg_engine_ready/data/graphics/sprites/rhyperior/male/back.png	01_rhyperior_12.png.b64
	hg_engine_ready/data/graphics/sprites/rhyperior/male/front.png	01_rhyperior_13.png.b64
02	tangrowth	9
	hg_engine_ready/data/graphics/sprites/mega_tangrowth/female/back.png	02_tangrowth_01.png.b64
	hg_engine_ready/data/graphics/sprites/mega_tangrowth/female/front.png	02_tangrowth_02.png.b64
	hg_engine_ready/data/graphics/sprites/mega_tangrowth/male/back.png	02_tangrowth_03.png.b64
	hg_engine_ready/data/graphics/sprites/mega_tangrowth/male/front.png	02_tangrowth_04.png.b64
	hg_engine_ready/data/graphics/sprites/tangrowth/female/back.png	02_tangrowth_05.png.b64
	hg_engine_ready/data/graphics/sprites/tangrowth/female/front.png	02_tangrowth_06.png.b64
	hg_engine_ready/data/graphics/sprites/tangrowth/icon.png	02_tangrowth_07.png.b64
	hg_engine_ready/data/graphics/sprites/tangrowth/male/back.png	02_tangrowth_08.png.b64
	hg_engine_ready/data/graphics/sprites/tangrowth/male/front.png	02_tangrowth_09.png.b64
03	electivire	13
	hg_engine_ready/data/graphics/sprites/cpf_0228_electivire_alternate_form_1/female/back.png	03_electivire_01.png.b64
	hg_engine_ready/data/graphics/sprites/cpf_0228_electivire_alternate_form_1/female/front.png	03_electivire_02.png.b64
	hg_engine_ready/data/graphics/sprites/cpf_0228_electivire_alternate_form_1/male/back.png	03_electivire_03.png.b64
	hg_engine_ready/data/graphics/sprites/cpf_0228_electivire_alternate_form_1/male/front.png	03_electivire_04.png.b64
	hg_engine_ready/data/graphics/sprites/electivire/female/back.png	03_electivire_05.png.b64
	hg_engine_ready/data/graphics/sprites/electivire/female/front.png	03_electivire_06.png.b64
	hg_engine_ready/data/graphics/sprites/electivire/icon.png	03_electivire_07.png.b64
	hg_engine_ready/data/graphics/sprites/electivire/male/back.png	03_electivire_08.png.b64
	hg_engine_ready/data/graphics/sprites/electivire/male/front.png	03_electivire_09.png.b64
	hg_engine_ready/data/graphics/sprites/mega_electivire/female/back.png	03_electivire_10.png.b64
	hg_engine_ready/data/graphics/sprites/mega_electivire/female/front.png	03_electivire_11.png.b64
	hg_engine_ready/data/graphics/sprites/mega_electivire/male/back.png	03_electivire_12.png.b64
	hg_engine_ready/data/graphics/sprites/mega_electivire/male/front.png	03_electivire_13.png.b64
04	magmortar	13
	hg_engine_ready/data/graphics/sprites/cpf_0229_magmortar_alternate_form_1/female/back.png	04_magmortar_01.png.b64
	hg_engine_ready/data/graphics/sprites/cpf_0229_magmortar_alternate_form_1/female/front.png	04_magmortar_02.png.b64
	hg_engine_ready/data/graphics/sprites/cpf_0229_magmortar_alternate_form_1/male/back.png	04_magmortar_03.png.b64
	hg_engine_ready/data/graphics/sprites/cpf_0229_magmortar_alternate_form_1/male/front.png	04_magmortar_04.png.b64
	hg_engine_ready/data/graphics/sprites/magmortar/female/back.png	04_magmortar_05.png.b64
	hg_engine_ready/data/graphics/sprites/magmortar/female/front.png	04_magmortar_06.png.b64
	hg_engine_ready/data/graphics/sprites/magmortar/icon.png	04_magmortar_07.png.b64
	hg_engine_ready/data/graphics/sprites/magmortar/male/back.png	04_magmortar_08.png.b64
	hg_engine_ready/data/graphics/sprites/magmortar/male/front.png	04_magmortar_09.png.b64
05	porygon	19
	hg_engine_ready/data/graphics/sprites/mega_porygon/female/back.png	05_porygon_01.png.b64
	hg_engine_ready/data/graphics/sprites/mega_porygon/female/front.png	05_porygon_02.png.b64
	hg_engine_ready/data/graphics/sprites/mega_porygon/male/back.png	05_porygon_03.png.b64
	hg_engine_ready/data/graphics/sprites/mega_porygon/male/front.png	05_porygon_04.png.b64
	hg_engine_ready/data/graphics/sprites/porygon-z/female/back.png	05_porygon_05.png.b64
	hg_engine_ready/data/graphics/sprites/porygon-z/female/front.png	05_porygon_06.png.b64
	hg_engine_ready/data/graphics/sprites/porygon-z/icon.png	05_porygon_07.png.b64
	hg_engine_ready/data/graphics/sprites/porygon-z/male/back.png	05_porygon_08.png.b64
	hg_engine_ready/data/graphics/sprites/porygon-z/male/front.png	05_porygon_09.png.b64
	hg_engine_ready/data/graphics/sprites/porygon/female/back.png	05_porygon_10.png.b64
	hg_engine_ready/data/graphics/sprites/porygon/female/front.png	05_porygon_11.png.b64
	hg_engine_ready/data/graphics/sprites/porygon/icon.png	05_porygon_12.png.b64
	hg_engine_ready/data/graphics/sprites/porygon/male/back.png	05_porygon_13.png.b64
	hg_engine_ready/data/graphics/sprites/porygon/male/front.png	05_porygon_14.png.b64
	hg_engine_ready/data/graphics/sprites/porygon2/female/back.png	05_porygon_15.png.b64
	hg_engine_ready/data/graphics/sprites/porygon2/female/front.png	05_porygon_16.png.b64
	hg_engine_ready/data/graphics/sprites/porygon2/icon.png	05_porygon_17.png.b64
	hg_engine_ready/data/graphics/sprites/porygon2/male/back.png	05_porygon_18.png.b64
	hg_engine_ready/data/graphics/sprites/porygon2/male/front.png	05_porygon_19.png.b64
06	yanmega	13
	hg_engine_ready/data/graphics/sprites/cpf_0104_yanmega_alternate_form_1/female/back.png	06_yanmega_01.png.b64
	hg_engine_ready/data/graphics/sprites/cpf_0104_yanmega_alternate_form_1/female/front.png	06_yanmega_02.png.b64
	hg_engine_ready/data/graphics/sprites/cpf_0104_yanmega_alternate_form_1/male/back.png	06_yanmega_03.png.b64
	hg_engine_ready/data/graphics/sprites/cpf_0104_yanmega_alternate_form_1/male/front.png	06_yanmega_04.png.b64
	hg_engine_ready/data/graphics/sprites/mega_yanmega/female/back.png	06_yanmega_05.png.b64
	hg_engine_ready/data/graphics/sprites/mega_yanmega/female/front.png	06_yanmega_06.png.b64
	hg_engine_ready/data/graphics/sprites/mega_yanmega/male/back.png	06_yanmega_07.png.b64
	hg_engine_ready/data/graphics/sprites/mega_yanmega/male/front.png	06_yanmega_08.png.b64
	hg_engine_ready/data/graphics/sprites/yanmega/female/back.png	06_yanmega_09.png.b64
	hg_engine_ready/data/graphics/sprites/yanmega/female/front.png	06_yanmega_10.png.b64
	hg_engine_ready/data/graphics/sprites/yanmega/icon.png	06_yanmega_11.png.b64
	hg_engine_ready/data/graphics/sprites/yanmega/male/back.png	06_yanmega_12.png.b64
	hg_engine_ready/data/graphics/sprites/yanmega/male/front.png	06_yanmega_13.png.b64
07	honchkrow	9
	hg_engine_ready/data/graphics/sprites/honchkrow/female/back.png	07_honchkrow_01.png.b64
	hg_engine_ready/data/graphics/sprites/honchkrow/female/front.png	07_honchkrow_02.png.b64
	hg_engine_ready/data/graphics/sprites/honchkrow/icon.png	07_honchkrow_03.png.b64
	hg_engine_ready/data/graphics/sprites/honchkrow/male/back.png	07_honchkrow_04.png.b64
	hg_engine_ready/data/graphics/sprites/honchkrow/male/front.png	07_honchkrow_05.png.b64
	hg_engine_ready/data/graphics/sprites/mega_honchkrow/female/back.png	07_honchkrow_06.png.b64
	hg_engine_ready/data/graphics/sprites/mega_honchkrow/female/front.png	07_honchkrow_07.png.b64
	hg_engine_ready/data/graphics/sprites/mega_honchkrow/male/back.png	07_honchkrow_08.png.b64
	hg_engine_ready/data/graphics/sprites/mega_honchkrow/male/front.png	07_honchkrow_09.png.b64
08	weavile	25
	hg_engine_ready/data/graphics/sprites/cpf_0124_weavile_alternate_form_1/female/back.png	08_weavile_01.png.b64
	hg_engine_ready/data/graphics/sprites/cpf_0124_weavile_alternate_form_1/female/front.png	08_weavile_02.png.b64
	hg_engine_ready/data/graphics/sprites/cpf_0124_weavile_alternate_form_1/male/back.png	08_weavile_03.png.b64
	hg_engine_ready/data/graphics/sprites/cpf_0124_weavile_alternate_form_1/male/front.png	08_weavile_04.png.b64
	hg_engine_ready/data/graphics/sprites/mega_weavile/female/back.png	08_weavile_05.png.b64
	hg_engine_ready/data/graphics/sprites/mega_weavile/female/front.png	08_weavile_06.png.b64
	hg_engine_ready/data/graphics/sprites/mega_weavile/male/back.png	08_weavile_07.png.b64
	hg_engine_ready/data/graphics/sprites/mega_weavile/male/front.png	08_weavile_08.png.b64
	hg_engine_ready/data/graphics/sprites/weavile/female/back.png	08_weavile_09.png.b64
	hg_engine_ready/data/graphics/sprites/weavile/female/front.png	08_weavile_10.png.b64
	hg_engine_ready/data/graphics/sprites/weavile/icon.png	08_weavile_11.png.b64
	hg_engine_ready/data/graphics/sprites/weavile/male/back.png	08_weavile_12.png.b64
	hg_engine_ready/data/graphics/sprites/weavile/male/front.png	08_weavile_13.png.b64
	hg_engine_ready/data/graphics/sprites/weavile_mega/female/back.png	08_weavile_14.png.b64
	hg_engine_ready/data/graphics/sprites/weavile_mega/female/front.png	08_weavile_15.png.b64
	hg_engine_ready/data/graphics/sprites/weavile_mega/male/back.png	08_weavile_16.png.b64
	hg_engine_ready/data/graphics/sprites/weavile_mega/male/front.png	08_weavile_17.png.b64
	hg_engine_ready/data/graphics/sprites/weavile_redux/female/back.png	08_weavile_18.png.b64
	hg_engine_ready/data/graphics/sprites/weavile_redux/female/front.png	08_weavile_19.png.b64
	hg_engine_ready/data/graphics/sprites/weavile_redux/male/back.png	08_weavile_20.png.b64
	hg_engine_ready/data/graphics/sprites/weavile_redux/male/front.png	08_weavile_21.png.b64
	hg_engine_ready/data/graphics/sprites/weavile_redux_mega/female/back.png	08_weavile_22.png.b64
	hg_engine_ready/data/graphics/sprites/weavile_redux_mega/female/front.png	08_weavile_23.png.b64
	hg_engine_ready/data/graphics/sprites/weavile_redux_mega/male/back.png	08_weavile_24.png.b64
	hg_engine_ready/data/graphics/sprites/weavile_redux_mega/male/front.png	08_weavile_25.png.b64
09	mamoswine	17
	hg_engine_ready/data/graphics/sprites/mamoswine/female/back.png	09_mamoswine_01.png.b64
	hg_engine_ready/data/graphics/sprites/mamoswine/female/front.png	09_mamoswine_02.png.b64
	hg_engine_ready/data/graphics/sprites/mamoswine/icon.png	09_mamoswine_03.png.b64
	hg_engine_ready/data/graphics/sprites/mamoswine/male/back.png	09_mamoswine_04.png.b64
	hg_engine_ready/data/graphics/sprites/mamoswine/male/front.png	09_mamoswine_05.png.b64
	hg_engine_ready/data/graphics/sprites/mamoswine_redux/female/back.png	09_mamoswine_06.png.b64
	hg_engine_ready/data/graphics/sprites/mamoswine_redux/female/front.png	09_mamoswine_07.png.b64
	hg_engine_ready/data/graphics/sprites/mamoswine_redux/male/back.png	09_mamoswine_08.png.b64
	hg_engine_ready/data/graphics/sprites/mamoswine_redux/male/front.png	09_mamoswine_09.png.b64
	hg_engine_ready/data/graphics/sprites/mamoswine_redux_mega/female/back.png	09_mamoswine_10.png.b64
	hg_engine_ready/data/graphics/sprites/mamoswine_redux_mega/female/front.png	09_mamoswine_11.png.b64
	hg_engine_ready/data/graphics/sprites/mamoswine_redux_mega/male/back.png	09_mamoswine_12.png.b64
	hg_engine_ready/data/graphics/sprites/mamoswine_redux_mega/male/front.png	09_mamoswine_13.png.b64
	hg_engine_ready/data/graphics/sprites/mega_mamoswine/female/back.png	09_mamoswine_14.png.b64
	hg_engine_ready/data/graphics/sprites/mega_mamoswine/female/front.png	09_mamoswine_15.png.b64
	hg_engine_ready/data/graphics/sprites/mega_mamoswine/male/back.png	09_mamoswine_16.png.b64
	hg_engine_ready/data/graphics/sprites/mega_mamoswine/male/front.png	09_mamoswine_17.png.b64
10	probopass	13
	hg_engine_ready/data/graphics/sprites/cpf_0233_probopass_alternate_form_1/female/back.png	10_probopass_01.png.b64
	hg_engine_ready/data/graphics/sprites/cpf_0233_probopass_alternate_form_1/female/front.png	10_probopass_02.png.b64
	hg_engine_ready/data/graphics/sprites/cpf_0233_probopass_alternate_form_1/male/back.png	10_probopass_03.png.b64
	hg_engine_ready/data/graphics/sprites/cpf_0233_probopass_alternate_form_1/male/front.png	10_probopass_04.png.b64
	hg_engine_ready/data/graphics/sprites/mega_probopass/female/back.png	10_probopass_05.png.b64
	hg_engine_ready/data/graphics/sprites/mega_probopass/female/front.png	10_probopass_06.png.b64
	hg_engine_ready/data/graphics/sprites/mega_probopass/male/back.png	10_probopass_07.png.b64
	hg_engine_ready/data/graphics/sprites/mega_probopass/male/front.png	10_probopass_08.png.b64
	hg_engine_ready/data/graphics/sprites/probopass/female/back.png	10_probopass_09.png.b64
	hg_engine_ready/data/graphics/sprites/probopass/female/front.png	10_probopass_10.png.b64
	hg_engine_ready/data/graphics/sprites/probopass/icon.png	10_probopass_11.png.b64
	hg_engine_ready/data/graphics/sprites/probopass/male/back.png	10_probopass_12.png.b64
	hg_engine_ready/data/graphics/sprites/probopass/male/front.png	10_probopass_13.png.b64
11	roserade	13
	hg_engine_ready/data/graphics/sprites/mega_roserade/female/back.png	11_roserade_01.png.b64
	hg_engine_ready/data/graphics/sprites/mega_roserade/female/front.png	11_roserade_02.png.b64
	hg_engine_ready/data/graphics/sprites/mega_roserade/male/back.png	11_roserade_03.png.b64
	hg_engine_ready/data/graphics/sprites/mega_roserade/male/front.png	11_roserade_04.png.b64
	hg_engine_ready/data/graphics/sprites/roserade/female/back.png	11_roserade_05.png.b64
	hg_engine_ready/data/graphics/sprites/roserade/female/front.png	11_roserade_06.png.b64
	hg_engine_ready/data/graphics/sprites/roserade/icon.png	11_roserade_07.png.b64
	hg_engine_ready/data/graphics/sprites/roserade/male/back.png	11_roserade_08.png.b64
	hg_engine_ready/data/graphics/sprites/roserade/male/front.png	11_roserade_09.png.b64
	hg_engine_ready/data/graphics/sprites/roserade_mega/female/back.png	11_roserade_10.png.b64
	hg_engine_ready/data/graphics/sprites/roserade_mega/female/front.png	11_roserade_11.png.b64
	hg_engine_ready/data/graphics/sprites/roserade_mega/male/back.png	11_roserade_12.png.b64
	hg_engine_ready/data/graphics/sprites/roserade_mega/male/front.png	11_roserade_13.png.b64
12	milotic	13
	hg_engine_ready/data/graphics/sprites/mega_milotic/female/back.png	12_milotic_01.png.b64
	hg_engine_ready/data/graphics/sprites/mega_milotic/female/front.png	12_milotic_02.png.b64
	hg_engine_ready/data/graphics/sprites/mega_milotic/male/back.png	12_milotic_03.png.b64
	hg_engine_ready/data/graphics/sprites/mega_milotic/male/front.png	12_milotic_04.png.b64
	hg_engine_ready/data/graphics/sprites/milotic/female/back.png	12_milotic_05.png.b64
	hg_engine_ready/data/graphics/sprites/milotic/female/front.png	12_milotic_06.png.b64
	hg_engine_ready/data/graphics/sprites/milotic/icon.png	12_milotic_07.png.b64
	hg_engine_ready/data/graphics/sprites/milotic/male/back.png	12_milotic_08.png.b64
	hg_engine_ready/data/graphics/sprites/milotic/male/front.png	12_milotic_09.png.b64
	hg_engine_ready/data/graphics/sprites/milotic_mega/female/back.png	12_milotic_10.png.b64
	hg_engine_ready/data/graphics/sprites/milotic_mega/female/front.png	12_milotic_11.png.b64
	hg_engine_ready/data/graphics/sprites/milotic_mega/male/back.png	12_milotic_12.png.b64
	hg_engine_ready/data/graphics/sprites/milotic_mega/male/front.png	12_milotic_13.png.b64
13	rampardos	13
	hg_engine_ready/data/graphics/sprites/cpf_0202_rampardos_alternate_form_1/female/back.png	13_rampardos_01.png.b64
	hg_engine_ready/data/graphics/sprites/cpf_0202_rampardos_alternate_form_1/female/front.png	13_rampardos_02.png.b64
	hg_engine_ready/data/graphics/sprites/cpf_0202_rampardos_alternate_form_1/male/back.png	13_rampardos_03.png.b64
	hg_engine_ready/data/graphics/sprites/cpf_0202_rampardos_alternate_form_1/male/front.png	13_rampardos_04.png.b64
	hg_engine_ready/data/graphics/sprites/mega_rampardos/female/back.png	13_rampardos_05.png.b64
	hg_engine_ready/data/graphics/sprites/mega_rampardos/female/front.png	13_rampardos_06.png.b64
	hg_engine_ready/data/graphics/sprites/mega_rampardos/male/back.png	13_rampardos_07.png.b64
	hg_engine_ready/data/graphics/sprites/mega_rampardos/male/front.png	13_rampardos_08.png.b64
	hg_engine_ready/data/graphics/sprites/rampardos/female/back.png	13_rampardos_09.png.b64
	hg_engine_ready/data/graphics/sprites/rampardos/female/front.png	13_rampardos_10.png.b64
	hg_engine_ready/data/graphics/sprites/rampardos/icon.png	13_rampardos_11.png.b64
	hg_engine_ready/data/graphics/sprites/rampardos/male/back.png	13_rampardos_12.png.b64
	hg_engine_ready/data/graphics/sprites/rampardos/male/front.png	13_rampardos_13.png.b64
14	bastiodon	13
	hg_engine_ready/data/graphics/sprites/bastiodon/female/back.png	14_bastiodon_01.png.b64
	hg_engine_ready/data/graphics/sprites/bastiodon/female/front.png	14_bastiodon_02.png.b64
	hg_engine_ready/data/graphics/sprites/bastiodon/icon.png	14_bastiodon_03.png.b64
	hg_engine_ready/data/graphics/sprites/bastiodon/male/back.png	14_bastiodon_04.png.b64
	hg_engine_ready/data/graphics/sprites/bastiodon/male/front.png	14_bastiodon_05.png.b64
	hg_engine_ready/data/graphics/sprites/cpf_0204_bastiodon_alternate_form_1/female/back.png	14_bastiodon_06.png.b64
	hg_engine_ready/data/graphics/sprites/cpf_0204_bastiodon_alternate_form_1/female/front.png	14_bastiodon_07.png.b64
	hg_engine_ready/data/graphics/sprites/cpf_0204_bastiodon_alternate_form_1/male/back.png	14_bastiodon_08.png.b64
	hg_engine_ready/data/graphics/sprites/cpf_0204_bastiodon_alternate_form_1/male/front.png	14_bastiodon_09.png.b64
	hg_engine_ready/data/graphics/sprites/mega_bastiodon/female/back.png	14_bastiodon_10.png.b64
	hg_engine_ready/data/graphics/sprites/mega_bastiodon/female/front.png	14_bastiodon_11.png.b64
	hg_engine_ready/data/graphics/sprites/mega_bastiodon/male/back.png	14_bastiodon_12.png.b64
	hg_engine_ready/data/graphics/sprites/mega_bastiodon/male/front.png	14_bastiodon_13.png.b64
15	spiritomb	17
	hg_engine_ready/data/graphics/sprites/cpf_0212_spiritomb_alternate_form_1/female/back.png	15_spiritomb_01.png.b64
	hg_engine_ready/data/graphics/sprites/cpf_0212_spiritomb_alternate_form_1/female/front.png	15_spiritomb_02.png.b64
	hg_engine_ready/data/graphics/sprites/cpf_0212_spiritomb_alternate_form_1/male/back.png	15_spiritomb_03.png.b64
	hg_engine_ready/data/graphics/sprites/cpf_0212_spiritomb_alternate_form_1/male/front.png	15_spiritomb_04.png.b64
	hg_engine_ready/data/graphics/sprites/spiritomb/female/back.png	15_spiritomb_09.png.b64
	hg_engine_ready/data/graphics/sprites/spiritomb/female/front.png	15_spiritomb_10.png.b64
	hg_engine_ready/data/graphics/sprites/spiritomb/icon.png	15_spiritomb_11.png.b64
	hg_engine_ready/data/graphics/sprites/spiritomb/male/back.png	15_spiritomb_12.png.b64
	hg_engine_ready/data/graphics/sprites/spiritomb/male/front.png	15_spiritomb_13.png.b64
	hg_engine_ready/data/graphics/sprites/spiritomb_redux/female/back.png	15_spiritomb_14.png.b64
	hg_engine_ready/data/graphics/sprites/spiritomb_redux/female/front.png	15_spiritomb_15.png.b64
	hg_engine_ready/data/graphics/sprites/spiritomb_redux/male/back.png	15_spiritomb_16.png.b64
	hg_engine_ready/data/graphics/sprites/spiritomb_redux/male/front.png	15_spiritomb_17.png.b64
